{"cameraMode":{"drawMode":0,"name":"Shaded","section":"Shading Mode"},"sceneLighting":false,"audioPlay":false,"sceneViewState":{"showFog":true,"showMaterialUpdate":false,"showSkybox":true,"showFlares":true,"showImageEffects":true,"showParticleSystems":true},"in2DMode":false,"pivot":{"x":0.0,"y":0.3646250069141388,"z":1.1150000095367432},"rotation":{"x":-0.4330120086669922,"y":0.015405025333166123,"z":-0.007402780931442976,"w":-0.9012326598167419},"size":1.793243408203125,"orthographic":false}