{"cameraMode":{"drawMode":0,"name":"Shaded","section":"Shading Mode"},"sceneLighting":false,"audioPlay":false,"sceneViewState":{"showFog":true,"showMaterialUpdate":false,"showSkybox":true,"showFlares":true,"showImageEffects":true,"showParticleSystems":true},"in2DMode":false,"pivot":{"x":-0.5643973350524902,"y":-0.1442410945892334,"z":2.169442892074585},"rotation":{"x":0.281122088432312,"y":-0.46811848878860476,"z":0.16002923250198365,"w":0.8223459124565125},"size":2.477564811706543,"orthographic":false}