{"cameraMode":{"drawMode":0,"name":"Shaded","section":"Shading Mode"},"sceneLighting":false,"audioPlay":false,"sceneViewState":{"showFog":true,"showMaterialUpdate":false,"showSkybox":true,"showFlares":true,"showImageEffects":true,"showParticleSystems":true},"in2DMode":false,"pivot":{"x":0.6022764444351196,"y":0.17803341150283814,"z":1.1027590036392213},"rotation":{"x":0.1554001271724701,"y":0.6803044080734253,"z":-0.15098413825035096,"w":0.7001816630363464},"size":3.293243169784546,"orthographic":false}