{"cameraMode":{"drawMode":0,"name":"Shaded","section":"Shading Mode"},"sceneLighting":true,"audioPlay":false,"sceneViewState":{"showFog":true,"showMaterialUpdate":false,"showSkybox":true,"showFlares":true,"showImageEffects":true,"showParticleSystems":true},"in2DMode":false,"pivot":{"x":0.277435839176178,"y":1.1709070205688477,"z":-0.3682398796081543},"rotation":{"x":0.49676597118377688,"y":0.009112091735005379,"z":-0.0052166529931128029,"w":0.8678234815597534},"size":1.208228588104248,"orthographic":false}