{"cameraMode":{"drawMode":0,"name":"Shaded","section":"Shading Mode"},"sceneLighting":false,"audioPlay":false,"sceneViewState":{"showFog":true,"showMaterialUpdate":false,"showSkybox":true,"showFlares":true,"showImageEffects":true,"showParticleSystems":true},"in2DMode":false,"pivot":{"x":0.5799291133880615,"y":0.6824910640716553,"z":3.1340324878692629},"rotation":{"x":-0.2536400854587555,"y":-0.6652271151542664,"z":0.2583998739719391,"w":-0.6529725193977356},"size":3.9452340602874758,"orthographic":false}