{"cameraMode":{"drawMode":0,"name":"Shaded","section":"Shading Mode"},"sceneLighting":false,"audioPlay":false,"sceneViewState":{"showFog":true,"showMaterialUpdate":false,"showSkybox":true,"showFlares":true,"showImageEffects":true,"showParticleSystems":true},"in2DMode":false,"pivot":{"x":2.0,"y":0.4649999737739563,"z":1.3539999723434449},"rotation":{"x":-0.14840789139270783,"y":-0.8439654111862183,"z":0.29759252071380618,"w":-0.4208802878856659},"size":2.0857882499694826,"orthographic":false}