{"cameraMode":{"drawMode":0,"name":"Shaded","section":"Shading Mode"},"sceneLighting":false,"audioPlay":false,"sceneViewState":{"showFog":true,"showMaterialUpdate":false,"showSkybox":true,"showFlares":true,"showImageEffects":true,"showParticleSystems":true},"in2DMode":false,"pivot":{"x":1.0,"y":0.38715940713882449,"z":1.0235764980316163},"rotation":{"x":-0.4330120086669922,"y":0.015405025333166123,"z":-0.007402780931442976,"w":-0.9012326598167419},"size":1.287235975265503,"orthographic":false}