{"cameraMode":{"drawMode":0,"name":"Shaded","section":"Shading Mode"},"sceneLighting":false,"audioPlay":false,"sceneViewState":{"showFog":true,"showMaterialUpdate":false,"showSkybox":true,"showFlares":true,"showImageEffects":true,"showParticleSystems":true},"in2DMode":false,"pivot":{"x":1.9999998807907105,"y":0.38725534081459048,"z":1.0235764980316163},"rotation":{"x":-0.14840789139270783,"y":-0.8439654111862183,"z":0.29759252071380618,"w":-0.4208802878856659},"size":1.2873879671096802,"orthographic":false}