{"cameraMode":{"drawMode":0,"name":"Shaded","section":"Shading Mode"},"sceneLighting":false,"audioPlay":false,"sceneViewState":{"showFog":true,"showMaterialUpdate":false,"showSkybox":true,"showFlares":true,"showImageEffects":true,"showParticleSystems":true},"in2DMode":false,"pivot":{"x":0.047163963317871097,"y":0.11099731922149658,"z":1.3408695459365845},"rotation":{"x":0.11006306856870651,"y":0.04471084848046303,"z":-0.004956086166203022,"w":0.9929074645042419},"size":2.4473249912261965,"orthographic":false}